518.159,0.0500794,416.102,
518.159,0.0500796,445.88,
518.159,0.0500782,476.664,
518.159,0.0500796,509.694,
515.597,0.0511642,539.83,
518.159,0.0500796,581.05,
518.159,0.0500796,619.289,
518.159,0.0500796,660.13,
518.159,0.0500796,710.627,
518.159,0.0500796,796.797,
516.321,0.0500796,893.158,
0,1,15717.4,
0,1,15691.5,
0,1,15669.5,
22.3068,0.737492,12363.8,
26.1602,0.739501,11271.2,
27.6449,0.742907,11204.5,
27.4648,0.746917,11123.8,
27.4648,0.728659,11007.1,
27.6448,0.738835,10903.8,
56.1532,0.731211,11020.2,
67.5942,0.718484,11010.3,
76.7836,0.7222,10843.1,
76.9957,0.710897,10968.8,
91.2855,0.702614,10857.7,
97.625,0.696284,10932.6,
97.625,0.693961,10809,
150.872,0.683454,10868,
89.7909,0.684252,10940.4,
176.36,0.686524,10954.1,
184.156,0.68334,10950.2,
189.816,0.678703,10934.1,
198.682,0.674527,10964.4,
210.12,0.66018,11022.4,
215.622,0.671724,11071.2,
219.347,0.67406,11054.5,
214.315,0.658785,11003.8,
214.315,0.664427,11057.4,
266.247,0.662977,11225.6,
266.247,0.663218,11191.5,
272.471,0.666917,11249.1,
275.192,0.663285,11452.4,
272.896,0.663285,11298.8,
272.051,0.638667,11675.4,
271.57,0.640448,11503.5,
269.712,0.628118,11941.5,
269.104,0.633117,11952,
268.92,0.637887,12160.2,
268.188,0.636188,12492.4,
268.009,0.641697,12256.7,
267.929,0.645933,12683,
527.365,0.0511733,429.921,
527.365,0.0509618,457.808,
527.365,0.0509618,486.844,
526.881,0.0511734,516.532,
527.365,0.0509618,549.016,
527.365,0.0509618,582.799,
527.365,0.0509618,617.906,
526.881,0.0509618,655.254,
527.365,0.0509618,695.281,
526.881,0.0511734,755.013,
526.881,0.0509618,844.236,
526.881,0.0509618,944.595,
0,1,15663.3,
0,1,15640.4,
20.7839,0.737239,12534.1,
24.976,0.741328,11292.9,
27.5407,0.742325,11215.2,
29.0278,0.739804,11116.7,
29.0277,0.738,10983.6,
29.0278,0.735982,11005.5,
29.0278,0.730309,11064.4,
62.7127,0.72861,11025.4,
73.7639,0.727546,10837,
82.4727,0.719841,10988.9,
89.8574,0.713691,10873.2,
96.8974,0.710113,10967.7,
99.4563,0.698746,10765.8,
99.4563,0.687325,10935.2,
168.644,0.689477,10944.2,
175.17,0.687495,10905.1,
183.512,0.683096,10849.5,
190.874,0.67599,10816.2,
195.233,0.680952,10793.6,
208.213,0.666357,10848.8,
207.216,0.667331,10947.6,
212.225,0.67094,11046.9,
216.517,0.667243,11095,
218.267,0.668352,11105.8,
217.94,0.663656,10945.2,
268.425,0.676217,11208.4,
277.966,0.677624,11272,
285.021,0.658608,11157.4,
282.143,0.654299,11485.2,
282.535,0.662192,11317.7,
281.992,0.663859,11695.1,
280.693,0.651956,11522.8,
280.285,0.651956,11982.6,
280.082,0.651341,11857.3,
279.753,0.642532,12238.5,
278.828,0.644525,12479.5,
278.828,0.650413,12146.3,
533.775,0.0484643,450.815,
534.311,0.0507095,476.793,
534.311,0.0507095,503.485,
534.311,0.0507095,531.005,
534.311,0.0507095,560.491,
534.311,0.0507095,591.12,
534.311,0.0507095,623.095,
534.311,0.0507095,657.481,
534.311,0.0507095,693.336,
534.311,0.0507095,731.821,
534.311,0.0507095,801.675,
533.775,0.0484646,894.748,
0,1,14245,
0,1,15654.4,
0,1,15633.7,
24.2015,0.739909,12301.4,
26.5259,0.743996,11250.6,
29.5783,0.744138,11139.8,
29.5783,0.738036,10991.4,
29.6806,0.737863,11063.6,
29.6806,0.740841,11098.7,
52.0133,0.730542,11070.4,
69.5343,0.722843,10869.4,
78.8629,0.720793,11007.5,
88.0331,0.715682,10934.6,
94.1337,0.70791,10970,
101.114,0.696716,10831.7,
102.344,0.696657,10965.8,
61.9802,0.698897,10943.7,
172.555,0.68904,10802.4,
185.582,0.686863,10859.9,
194.558,0.680387,10927.6,
202.075,0.68067,10942.6,
208.215,0.666678,10960.4,
213.844,0.671066,10955,
219.981,0.673294,10912.7,
215.68,0.671379,10942.4,
220.328,0.667369,11065,
222.996,0.667379,11169.2,
274.446,0.662803,11086,
282.877,0.664951,11133,
282.697,0.666361,11324.1,
290.122,0.65612,11191.2,
289.886,0.65612,11487.5,
289.697,0.65612,11446.9,
288.556,0.646631,11688,
288.181,0.652202,11653.1,
287.486,0.655307,12005.5,
287.721,0.658657,11747.5,
287.721,0.658657,12320.8,
285.555,0.657735,12441,
544.78,0.0511949,476.809,
544.78,0.0511949,500.022,
544.78,0.0511949,524.969,
544.78,0.051189,550.421,
544.78,0.0511949,577.09,
544.78,0.051189,604.515,
544.78,0.051189,633.976,
544.78,0.051189,664.652,
544.78,0.0511949,697.789,
544.78,0.051189,731.974,
544.78,0.051189,768.894,
544.78,0.0511949,850.822,
544.78,0.051189,947.299,
0,1,15627.7,
0,1,15606.1,
22.2824,0.739692,12597,
25.533,0.739699,11269.1,
29.1373,0.742488,11151.7,
29.8939,0.739875,11044.2,
29.8939,0.737239,11129,
29.8939,0.73604,11156.7,
29.8939,0.725574,11093.3,
65.3765,0.725384,10899.4,
70.5047,0.725384,11045.7,
85.9195,0.720426,10974.8,
93.8378,0.702696,10988,
100.248,0.70753,10922.6,
106.349,0.705926,10976.2,
106.349,0.690984,10867.9,
156.916,0.692869,10861.8,
183.546,0.687847,10954.3,
193.517,0.687402,10992.8,
196.323,0.687402,11010.4,
206.564,0.674333,11002.8,
207.871,0.676331,11028.1,
218.758,0.672958,11052.7,
216.736,0.680882,11025.6,
220.334,0.66809,10928.6,
234.164,0.674352,10935.8,
227.379,0.675752,11161.4,
268.645,0.676065,11193.8,
275.938,0.676065,11026.9,
276.496,0.675502,11326.1,
295.422,0.663996,11334.5,
297.037,0.654093,11428.9,
297.329,0.654349,11560.7,
294.874,0.654349,11633.4,
294.779,0.654973,11818,
294.972,0.650555,12023.7,
293.259,0.648799,11830.9,
292.998,0.641479,12395.1,
548.58,0.0494678,502.737,
549.29,0.0507894,523.726,
549.29,0.0507894,546.46,
549.289,0.0507903,570.831,
549.289,0.0507903,595.422,
549.289,0.0507903,620.754,
549.289,0.0507903,648.11,
549.289,0.0507903,676.796,
549.289,0.0507903,706.44,
549.29,0.0507894,737.503,
549.29,0.0507894,770.755,
549.289,0.0507903,812.042,
549.289,0.0507903,901.881,
0,1,14162.3,
0,1,15501.8,
0,1,15482.3,
24.6299,0.740524,11334.1,
27.0386,0.74488,11202.7,
30.6615,0.736453,11072.6,
30.2977,0.743145,11173.2,
30.2686,0.746222,11184.3,
30.5942,0.740174,11123.2,
38.5871,0.76446,10960.6,
66.8179,0.724695,11047.3,
82.5759,0.719137,11016.3,
92.5389,0.713089,10950.4,
100.885,0.705817,10982.3,
105.117,0.700112,10981,
109.487,0.696726,10837.1,
109.487,0.69108,10976.1,
182.342,0.684007,10976.4,
189.102,0.68613,10949.3,
199.858,0.68735,10906.8,
208.081,0.685178,10891.3,
213.134,0.679182,10883.4,
219.571,0.672249,10984.2,
225.721,0.670829,11019.5,
224.563,0.674463,11061.8,
236.124,0.674463,11086,
231.225,0.674852,11036.9,
240.53,0.678402,11046.1,
273.546,0.680254,11231.6,
291.271,0.668681,11190,
301.574,0.661629,11247.2,
301.574,0.669287,11440.3,
304.213,0.669287,11291.4,
304.214,0.669285,11650.9,
302.678,0.647437,11490.6,
302.569,0.650634,11932.3,
301.946,0.650619,11948.4,
301.621,0.650094,12099.7,
558.581,0.0494257,528.143,
558.581,0.0494323,547.441,
558.581,0.0494274,567.593,
558.581,0.0494274,589.507,
558.581,0.0494274,612.222,
558.581,0.0494323,637.648,
558.581,0.0494323,663.345,
558.581,0.0494274,689.282,
558.581,0.0494323,717.095,
558.581,0.0494274,745.382,
558.581,0.0494208,776.344,
558.581,0.0494274,808.37,
558.581,0.0494274,861.279,
558.581,0.0494274,955.016,
0,1,15476.8,
0,1,15456.6,
23.0064,0.742487,12499.6,
26.0624,0.744602,11249.2,
30.0757,0.75135,11097.7,
30.8539,0.748299,11196.5,
30.8539,0.738423,11232.5,
30.8539,0.733583,11183.9,
30.8538,0.729898,11012.6,
68.0998,0.730109,11066,
80.4845,0.721587,11084.7,
90.502,0.714364,10894,
99.1401,0.713159,11052,
105.965,0.704162,10913.9,
111.02,0.701673,10942.5,
112.917,0.698847,11000.8,
64.037,0.704958,10931.3,
188.894,0.688639,10791.3,
199.745,0.691208,10896.7,
209.116,0.68025,10951.6,
209.807,0.682432,10954.4,
220.975,0.679354,10962.1,
226.833,0.671604,10945.9,
225.801,0.676251,10859.3,
230.511,0.681248,10943.1,
240.767,0.674433,11085,
244.42,0.664076,11156.5,
284.414,0.659812,11043.2,
284.325,0.661396,11160.2,
284.325,0.661396,11301.8,
297.78,0.659729,11128.4,
297.951,0.658604,11475.7,
310.274,0.649274,11379.1,
310.177,0.646537,11671.9,
308.82,0.655751,11604.3,
307.961,0.658722,11999,
307.474,0.658688,11777.7,
566.987,0.0489185,549.01,
567.833,0.0489185,568.226,
567.833,0.0489185,587.932,
566.987,0.0490812,607.162,
567.833,0.0489185,629.5,
566.987,0.0490812,652.074,
566.987,0.0490812,675.607,
567.833,0.0489185,700.606,
567.833,0.0489185,727.445,
567.833,0.0489185,755.099,
567.833,0.0489185,783.596,
566.987,0.0490812,812.376,
567.833,0.0489185,844.935,
566.987,0.0490812,912.917,
15.507,0.758523,14026.2,
0,1,15432.1,
0,1,15413.8,
25.3109,0.744143,11335.5,
29.1863,0.745158,11163.1,
31.4262,0.744087,11189.2,
31.8605,0.749465,11247.3,
31.4277,0.752834,11219.3,
31.8605,0.737057,11079.8,
40.3791,0.767883,11031.7,
77.5092,0.729533,11113.6,
88.8877,0.726786,10919.6,
97.4734,0.709087,11075,
105.8,0.705584,10862,
112.101,0.696745,11031.1,
116.666,0.704109,10945.6,
116.666,0.692547,10852.8,
144.455,0.690286,10948.6,
199.738,0.691075,10996.9,
208.425,0.675045,11010.1,
216.07,0.682083,11015.5,
222.914,0.680674,11004.5,
221.03,0.672052,11032.8,
227.275,0.68104,11061.3,
231.457,0.677073,11037.1,
235.531,0.662778,10933.5,
240.045,0.668578,10922.2,
251.683,0.674672,11150,
283.93,0.675439,11187.6,
289.401,0.675439,11021.9,
289.996,0.674871,11308.6,
309.404,0.667451,11325.3,
315.545,0.65376,11407.8,
315.642,0.65442,11550.5,
314.509,0.65376,11600.3,
315.025,0.65317,11799.4,
312.561,0.645202,11987.3,
575.988,0.0487096,564.764,
573.237,0.0487103,583.92,
573.237,0.0487103,603.477,
575.987,0.0486502,623.954,
575.987,0.0486502,644.537,
575.987,0.0486502,665.701,
575.987,0.0486502,689.029,
575.987,0.0486502,712.993,
573.237,0.0525795,737.278,
573.237,0.0525795,762.564,
575.987,0.0486502,789.597,
573.237,0.0487103,818.362,
573.237,0.0487103,848.156,
575.987,0.0486502,878.975,
575.987,0.0486502,967.713,
15.5093,0.745324,13932.3,
0,1,15348.2,
24.5487,0.749272,11414,
27.9334,0.75021,11246.7,
30.8644,0.753554,11188.4,
32.2243,0.746241,11274.1,
32.2243,0.744139,11277.5,
32.2243,0.727575,11167.7,
32.2243,0.733293,10971.7,
74.9553,0.732309,11150.5,
85.9993,0.725197,11041.8,
95.7058,0.719459,11035,
104.171,0.711319,11006.6,
113.227,0.704313,11028.4,
116.839,0.697286,10821,
122.365,0.697682,10983.3,
66.5725,0.713561,11016.5,
189.115,0.68023,10940.2,
208.325,0.677764,10868.7,
216.617,0.683389,10805.6,
223.555,0.671847,10819.6,
224.451,0.677167,10822.8,
228.72,0.681041,10858.2,
240.402,0.67857,10963.4,
244.81,0.670179,11040.5,
250.139,0.670181,11093.9,
246.962,0.673259,11045.8,
249.691,0.673259,10949.8,
288.266,0.674128,11209,
306.561,0.673107,11216.7,
321.229,0.671845,11178.2,
321.114,0.673131,11441.2,
320.567,0.668912,11219,
319.543,0.67019,11644.3,
318.264,0.634553,11440,
318.076,0.637509,11936.2,
583.9,0.0474474,579.935,
583.9,0.0474474,597.706,
583.9,0.0474474,617.201,
583.9,0.0474474,636.915,
582.587,0.0476309,656.72,
583.9,0.0474474,678.362,
582.587,0.0476309,698.875,
582.587,0.0476309,721.37,
583.9,0.0474474,746.218,
582.587,0.0476309,771.038,
582.587,0.0476309,796.748,
583.9,0.0474474,823.717,
583.9,0.0474474,850.882,
582.587,0.0476309,880.545,
583.9,0.0474474,927.855,
15.5391,0.728009,13897.3,
0,1,13524.8,
0,1,13505.5,
26.2027,0.745585,11369.4,
30.1662,0.743967,11170.2,
32.8101,0.751826,11250.4,
34.3056,0.751008,11294.2,
34.3056,0.74494,11227.5,
34.3056,0.736938,11032.8,
37.0084,0.778467,11125.6,
85.0027,0.728973,11117.2,
94.3572,0.712574,10974.7,
104.198,0.71917,11081,
110.749,0.704898,11015.9,
117.663,0.701355,10993.4,
123.8,0.704969,11016.9,
125.997,0.694636,10914.2,
69.6507,0.697948,10851,
209.144,0.682383,10947.7,
218.563,0.676499,10995.7,
225.492,0.682431,11020.8,
230.676,0.684827,11010,
237.477,0.665392,11021.7,
242.36,0.672033,11019.8,
247.173,0.670106,10949.7,
252.586,0.670693,10849.8,
257.239,0.67125,11021.6,
259.742,0.67125,11132.9,
293.978,0.664204,11109.3,
302.579,0.663076,11066.9,
302.579,0.663076,11303.8,
313.1,0.658926,11213.5,
326.228,0.650372,11439.4,
325.443,0.648149,11448.6,
326.456,0.644333,11626.1,
324.44,0.645385,11688.1,
593.949,0.0506937,592.34,
591.363,0.0506937,609.421,
591.363,0.0506937,627.28,
591.363,0.0506936,646.869,
591.364,0.0506931,666.912,
591.364,0.0506931,687.747,
591.363,0.0506936,709.131,
591.363,0.0506936,731.018,
591.363,0.0506937,753.451,
591.363,0.0506936,776.329,
591.363,0.0506936,801.749,
591.363,0.0506937,828.191,
591.363,0.0506937,855.037,
591.363,0.0506937,882.622,
591.363,0.0506937,911.687,
591.364,0.0506931,981.949,
18.7671,0.747747,13807.9,
0,1,13444.3,
25.2861,0.746059,11463.6,
29.5142,0.751195,11281,
32.2237,0.747687,11216.9,
35.4993,0.744035,11312.9,
34.9994,0.746412,11300.6,
34.9996,0.732207,11156.8,
34.9994,0.727115,11062.7,
79.6826,0.728577,11183.5,
94.3835,0.718703,10988.9,
104.221,0.717428,11094.5,
111.549,0.705046,10933.6,
118.542,0.700766,11058.7,
125.276,0.698726,10952.2,
131.079,0.692616,10918.7,
131.355,0.696402,11015.9,
176.774,0.678722,10997.9,
218.951,0.684324,10962.7,
225.62,0.678166,10930,
234.157,0.678327,10916.4,
239.409,0.681793,10908.9,
241.001,0.671857,10957.4,
249.921,0.668079,11029.6,
255.032,0.671154,11055.6,
253.425,0.671154,11055.2,
256.391,0.669004,10956.2,
266.412,0.669173,11029.2,
299.354,0.669173,11204.3,
307.83,0.668634,11134.9,
320.545,0.674967,11234,
325.179,0.658149,11392.2,
326.892,0.659505,11280.6,
326.892,0.659505,11602.7,
330.806,0.651415,11459.2,
600.847,0.0478834,602.149,
598.589,0.0485564,619.995,
598.589,0.0485564,637.433,
598.589,0.0485564,655.48,
598.589,0.0485564,675.704,
600.847,0.0473676,695.808,
600.847,0.0485532,716.742,
598.589,0.0485564,739.155,
598.589,0.0485564,761.461,
598.589,0.0485564,784.015,
598.589,0.0485564,807.439,
598.589,0.0485564,831.448,
598.589,0.0485564,857.602,
600.847,0.0485532,884.678,
600.847,0.0485532,913.053,
600.847,0.0485532,944.074,
19.0747,0.735193,13745.4,
0,1,13385.1,
0,1,13366.9,
27.5764,0.744528,11429.1,
32.2142,0.747168,11216.6,
35.5118,0.756264,11263.6,
36.2811,0.748106,11318.8,
36.2811,0.733597,11239.8,
36.2152,0.739003,11017,
34.8074,0.778124,11171.5,
91.6727,0.731979,11109,
102.834,0.716009,11052.7,
112.41,0.716557,11068.8,
119.861,0.70937,11046.7,
125.802,0.692303,10937.2,
131.988,0.700855,11026.4,
136.001,0.685667,10986.6,
69.9971,0.710783,10853.2,
205.517,0.689532,10879.3,
227.421,0.679996,10950.2,
236.495,0.680079,10985.6,
238.817,0.683843,10976.2,
242.959,0.677077,10980,
253.264,0.672049,10958.4,
252.187,0.670859,10875.4,
256.214,0.667059,10902.7,
260.768,0.668036,11052.7,
263.082,0.669239,11111.7,
305.162,0.669234,11040.7,
314.984,0.668159,11111,
324.897,0.663294,11277.8,
325.509,0.662391,11141.1,
336.773,0.655089,11435.3,
334.895,0.653911,11387.7,
334.895,0.655042,11621.6,
611.244,0.0456611,611.975,
611.244,0.0474977,628.987,
611.244,0.0474977,646.389,
610.311,0.0474946,663.78,
610.311,0.0474946,681.943,
610.311,0.0474946,702.398,
610.311,0.0474946,723.217,
611.244,0.0474977,745.129,
611.244,0.0474977,767.293,
611.244,0.0474977,789.704,
608.079,0.0476068,806.101,
611.244,0.0474977,836.835,
610.311,0.0474946,860.615,
610.311,0.0474946,885.959,
610.311,0.0474946,914.029,
608.079,0.0476068,934.498,
611.244,0.0474977,999.309,
19.3448,0.739942,12027.5,
13.9794,0.746823,13308.9,
26.3765,0.749171,11528.8,
30.6432,0.744892,11357.8,
35.1575,0.747775,11188.8,
37.3102,0.744658,11321.3,
36.967,0.744658,11320.4,
36.967,0.733822,11172.8,
36.9668,0.731313,11089.6,
44.8604,0.758245,11200.9,
102.863,0.717515,10965.6,
111.684,0.713177,11115.7,
119.007,0.706549,10892.5,
127.534,0.705592,11058.6,
134.267,0.697013,11004.7,
138.299,0.699051,10868.1,
142.318,0.690773,10995.3,
162.452,0.678997,11003.6,
226.901,0.684571,10990.6,
237.22,0.684571,10967.4,
246.535,0.683402,10962.6,
251.077,0.673448,10945.5,
256.816,0.674808,10988.4,
261.762,0.673771,11037.9,
265.656,0.673878,11042,
270.525,0.675041,11016.8,
275.239,0.675036,10895.6,
277.059,0.668784,11045.5,
322.367,0.669539,11183.8,
322.063,0.667904,11086,
332.256,0.66542,11236.8,
329.491,0.661573,11359.6,
340.608,0.654254,11291.8,
341.099,0.660368,11573.8,
618.532,0.0455051,620.242,
618.532,0.0463537,637.232,
618.532,0.0463537,654.609,
618.532,0.0463537,672.372,
618.171,0.0455022,690.116,
618.532,0.0463537,709.089,
618.532,0.0463537,728.405,
618.532,0.0463537,749.894,
618.532,0.0463537,771.919,
618.532,0.0463537,794.189,
618.532,0.0463537,817.317,
618.171,0.0455022,840.717,
618.171,0.0455022,864.676,
618.171,0.0455022,889.563,
618.532,0.0463537,915.402,
618.171,0.0455022,942.56,
618.532,0.0463537,971.776,
19.6158,0.739971,12106.9,
13.9853,0.766244,13454.8,
13.9853,0.777727,13437.8,
29.9161,0.759788,11503.3,
33.5952,0.749631,11305.6,
38.1187,0.749822,11222.1,
39.6832,0.736043,11319.6,
39.6829,0.735858,11268.9,
39.6832,0.731047,11050.2,
35.6188,0.780844,11183.9,
101.267,0.721168,11119.3,
111.896,0.723036,11078.1,
119.481,0.704509,11066.6,
127.362,0.694995,11069.8,
134.234,0.698257,10911.6,
139.686,0.695082,11013.5,
145.046,0.683766,11007.1,
72.9394,0.71362,10894.7,
188.324,0.678891,10842.5,
241.714,0.684295,10919.7,
247.178,0.67326,10957.9,
254.851,0.674926,10951.8,
260.14,0.669991,10951.8,
260.263,0.656598,10925.9,
270.006,0.670467,10839.8,
274.361,0.670467,10909.8,
271.639,0.668249,11044.5,
274.646,0.667801,11092,
314.511,0.664834,11014.2,
325.289,0.663811,11099,
329.098,0.65876,11257.2,
337.281,0.662864,11117.4,
342.404,0.655773,11414.8,
342.476,0.654658,11377.5,
630.172,0.0441235,627.616,
630.289,0.0441235,644.584,
630.289,0.0441235,661.939,
630.289,0.0441235,679.679,
630.289,0.0441235,697.812,
630.289,0.0441235,716.349,
630.289,0.0441235,735.297,
630.289,0.0441235,754.666,
630.289,0.0441235,775.414,
630.172,0.0441207,796.929,
630.172,0.0441207,819.893,
630.289,0.0441235,844.078,
630.289,0.0441235,867.893,
630.289,0.0441235,892.629,
630.289,0.0441235,917.984,
630.289,0.0441235,943.618,
630.172,0.0441207,970.884,
630.289,0.0441235,1020.23,
15.5355,0.742089,13397.8,
15.5355,0.778672,13380.1,
27.8938,0.743594,11576.8,
32.9103,0.751001,11447.8,
37.3333,0.748793,11227.9,
45.4986,0.748793,11272,
45.4821,0.7471,11330.5,
45.4821,0.730875,11220.7,
45.4821,0.734987,11061.8,
46.6026,0.760204,11218.8,
113.879,0.718593,10986.6,
121.99,0.708933,11122.9,
129.59,0.710227,10897.6,
135.405,0.700516,11062.8,
142.218,0.692074,11011.2,
147.431,0.686716,10851.5,
152.603,0.690503,10986.8,
75.9148,0.700728,10999,
238.902,0.686291,10989.7,
245.332,0.686291,10965.8,
254.748,0.679174,10953.9,
261.129,0.671121,10939.1,
269.479,0.663909,10974.2,
269.764,0.663909,11023.1,
278.312,0.674441,11026.5,
275.988,0.674441,11006.6,
286.535,0.664334,10896.1,
289.476,0.664334,11015.3,
319.5,0.664334,11165.9,
331.833,0.663729,11092.2,
347.103,0.663729,11196.2,
347.324,0.662465,11352.8,
347.621,0.661597,11232.2,
637.77,0.0454423,633.374,
636.276,0.0466291,650.447,
636.276,0.045446,668.11,
636.276,0.045446,685.82,
636.276,0.045446,703.922,
636.276,0.045446,722.426,
636.276,0.045446,741.342,
636.276,0.045446,760.677,
636.276,0.0466291,780.035,
636.668,0.0463636,793.329,
636.276,0.0466291,822.23,
636.276,0.0466291,845.619,
636.276,0.0466291,869.267,
636.276,0.045446,894.117,
636.276,0.045446,919.302,
636.276,0.045446,944.764,
636.667,0.046367,962.912,
636.276,0.045446,1000.1,
20.1706,0.740457,11972.5,
18.7884,0.770638,13299.6,
18.7884,0.779031,13283.5,
31.1419,0.75151,11562.2,
36.1365,0.751488,11418.4,
44.818,0.747284,11177.6,
47.9693,0.74358,11277.5,
47.1023,0.73788,11298,
47.9697,0.736505,11124.6,
37.4351,0.781279,11160.6,
112.741,0.717287,11151.7,
124.216,0.705242,11050.1,
130.661,0.705182,11086.7,
138.821,0.702527,11058.4,
144.32,0.70245,10930.5,
150.074,0.693477,11025.6,
156.193,0.693535,10995.2,
207.878,0.68966,10870.9,
231.498,0.688491,10847.3,
249.849,0.675849,10922.3,
261.097,0.673184,10959,
268.901,0.668588,10950,
271.71,0.670054,10954.2,
273.84,0.671195,10934.7,
277.61,0.671195,10851,
287.277,0.663433,10863.4,
283.87,0.672045,11009.9,
286.848,0.666519,11079,
329.297,0.671145,11030.7,
324.012,0.671856,11127.6,
351.81,0.664056,11244.4,
350.882,0.659674,11152.6,
351.971,0.661368,11375.4,
647.608,0.0434566,632.195,
647.065,0.0449526,655.248,
647.065,0.0449526,672.516,
647.065,0.0449526,690.165,
648.311,0.0463723,708.566,
648.311,0.0463723,727.02,
648.311,0.0463723,745.883,
647.608,0.0468106,757.918,
647.065,0.0449526,784.478,
648.311,0.0463723,805.022,
648.311,0.0463723,825.617,
648.311,0.0463723,847.009,
648.311,0.0463723,870.508,
648.311,0.0463723,894.916,
648.311,0.0463723,919.934,
647.065,0.0449526,944.914,
647.065,0.0449526,971.181,
647.065,0.0449526,998.258,
647.608,0.046814,1037.38,
19.1065,0.747328,13221.4,
19.1064,0.775686,13204.6,
30.0679,0.749098,11556.1,
35.4552,0.740143,11513.5,
39.7964,0.753436,11361.3,
49.1494,0.734822,11136.4,
49.4724,0.730291,11302.5,
49.4724,0.733782,11278.1,
49.4724,0.725566,11021.5,
44.8341,0.755467,11229.1,
124.76,0.709292,11055.8,
133.23,0.702622,11112.6,
141.644,0.699962,10949.1,
147.558,0.702944,11069.9,
151.958,0.687341,11027.1,
157.531,0.695065,10890.1,
163.205,0.689238,10999.5,
79.9192,0.702978,10989.3,
233.435,0.683535,10962.9,
256.87,0.677313,10926.7,
268.791,0.667596,10908.6,
274.445,0.663181,10889.2,
282.973,0.66458,10932.8,
287.066,0.663601,10986.9,
290.179,0.662456,11008,
295.215,0.663935,11012.1,
292.607,0.658946,10929.5,
303.177,0.654369,10940.8,
335.742,0.657946,11161.1,
341.765,0.661462,11124.6,
355.185,0.659925,11119.8,
353.837,0.659925,11362.5,
658.11,0.0432583,643.109,
658.11,0.043327,659.624,
658.11,0.043327,676.846,
658.11,0.043327,694.468,
658.11,0.0432583,712.825,
658.11,0.0432583,731.234,
658.11,0.0432583,750.052,
658.11,0.0432583,769.287,
658.11,0.0432583,788.95,
658.11,0.0432583,809.049,
658.11,0.0432583,829.595,
658.11,0.0432583,850.597,
658.11,0.0432583,872.065,
658.11,0.0432583,896.229,
658.11,0.0432583,921.114,
658.11,0.0432583,946.272,
658.11,0.0432583,972.407,
658.11,0.0432583,999.198,
658.11,0.043327,1026.59,
20.9017,0.743266,11804.7,
19.3674,0.76151,13153.1,
19.3674,0.774487,13113.3,
33.6028,0.760586,11536,
38.977,0.74638,11493.5,
48.4002,0.741114,11331,
52.9484,0.736854,11141.6,
51.9729,0.732209,11287.7,
51.9729,0.737882,11212.3,
40.867,0.772387,11075.9,
127.021,0.712566,11181.2,
137.017,0.715468,10954.3,
144.266,0.704914,11112.2,
150.051,0.703889,10997.5,
155.259,0.69313,10987.2,
161.491,0.682264,11024.1,
165.995,0.687846,10943.1,
242.129,0.686042,10787.6,
251.017,0.671788,10897.4,
262.505,0.677143,10951.9,
267.833,0.678726,10976.1,
279.081,0.669997,10961.9,
285.477,0.659334,10968.7,
292.412,0.666049,10962.7,
292.239,0.659259,10900.9,
300.495,0.665135,10811.8,
298.308,0.65537,10931.4,
301.642,0.65537,11055.6,
337.849,0.653301,11072.8,
349.19,0.655604,10913.8,
349.387,0.655604,11215.1,
358.117,0.654604,11231.9,
663.751,0.0452345,647.321,
663.751,0.0443863,663.521,
663.751,0.0452345,681.349,
663.751,0.0452345,698.934,
663.751,0.0452345,716.91,
663.751,0.0452345,735.285,
663.751,0.0452345,754.068,
663.751,0.0443863,772.556,
663.751,0.0443863,792.165,
663.751,0.0452345,812.955,
663.751,0.0443863,832.699,
663.751,0.0443863,853.643,
663.751,0.0452345,875.853,
663.751,0.0452345,897.806,
663.751,0.0452345,922.58,
663.751,0.0452345,947.627,
663.751,0.0452345,973.647,
663.751,0.0435801,999.541,
663.751,0.0435801,1026.48,
23.7608,0.740131,11817.2,
19.6394,0.76171,13079.6,
19.6394,0.784194,13063.9,
33.6117,0.75456,11383,
38.2958,0.750608,11476,
47.9601,0.74983,11444.3,
54.1003,0.729972,11283.8,
55.3502,0.73597,11166.5,
55.3502,0.731172,11292.4,
55.3502,0.725441,11152.4,
48.6512,0.753995,11146,
140.334,0.719186,11133.8,
147.558,0.70486,11049.7,
154.052,0.700436,11035.2,
159.619,0.698935,11052.8,
165.189,0.694895,10858.4,
169.477,0.689016,10956.7,
174.723,0.688371,11006.8,
218.824,0.679389,10948.9,
210.178,0.679389,10877.8,
265.144,0.680274,10819.8,
277.242,0.669575,10782.9,
286.837,0.662948,10762.3,
293.697,0.666273,10808.6,
293.902,0.661118,10897.5,
297.246,0.661923,10952.2,
308.143,0.661925,11009.2,
301.079,0.650451,10990.5,
313.358,0.65045,10883.2,
345.495,0.649595,11078.6,
360.249,0.645263,11177.2,
360.903,0.646198,11031.6,
672.853,0.0438713,650.6,
672.853,0.0432472,667.856,
672.853,0.0432436,684.67,
672.853,0.0432472,702.584,
672.853,0.0432472,720.527,
672.853,0.0432436,738.478,
672.853,0.0432472,757.618,
672.853,0.0432472,776.783,
672.853,0.0432472,796.374,
672.853,0.0432472,816.4,
672.853,0.0432436,836.426,
672.853,0.0432472,857.795,
672.853,0.0432472,879.184,
672.853,0.0432472,901.049,
672.853,0.0432472,924.271,
672.853,0.0432472,949.227,
672.853,0.0432436,974.381,
672.853,0.0432436,1000.93,
672.853,0.0432436,1027.78,
672.853,0.0432436,1056.17,
20.0905,0.751765,12956.3,
20.0905,0.773781,12939.7,
32.2355,0.75198,11454.6,
38.5962,0.747701,11320.7,
46.6449,0.747734,11444.8,
54.1236,0.733286,11425.5,
59.3282,0.736974,11267.1,
59.3282,0.723252,11155.2,
59.3282,0.725722,11255.4,
45.0861,0.765238,11086.6,
143.594,0.715242,11153.4,
152.154,0.712952,11024.9,
159.303,0.706257,11097.2,
163.506,0.690801,10877.7,
169.621,0.680893,11039.3,
173.938,0.690794,10968.5,
178.662,0.693488,10791.1,
251.845,0.681564,10893.8,
218.931,0.673456,10951.2,
248.684,0.669718,10965.4,
280.591,0.669718,10966,
292.175,0.665854,10943.3,
295.813,0.660473,10955.7,
298.271,0.658218,10974.9,
300.045,0.646702,10952,
313.14,0.650272,10916.1,
316.449,0.647568,10809.1,
318.811,0.65409,10956.4,
358.743,0.663293,11095.9,
363.275,0.666402,11049.1,
363.275,0.666402,11102.5,
686.746,0.0432052,654.862,
686.746,0.0432052,671.637,
686.746,0.0432052,688.791,
681.649,0.0432402,699.603,
684.984,0.0432014,723.866,
684.984,0.0432014,742.178,
686.746,0.0432052,761.301,
681.649,0.0432402,773.148,
684.984,0.0432014,799.587,
684.984,0.0432014,819.579,
686.746,0.0432052,840.463,
684.984,0.0432014,860.905,
684.984,0.0432014,882.259,
686.746,0.0432052,904.569,
684.984,0.0432014,926.4,
686.746,0.0432052,950.976,
686.746,0.0432052,976.822,
686.746,0.0432052,1003.32,
684.984,0.0432014,1029.66,
684.984,0.0432014,1057.48,
20.8391,0.745455,12888.8,
20.495,0.762663,12871.7,
20.495,0.777896,12856.8,
36.6022,0.762437,11475.9,
46.7473,0.749139,11220.7,
53.6191,0.736793,11369.6,
59.7963,0.733275,11380,
62.2412,0.73688,11224.7,
62.2412,0.725831,11164.7,
38.4639,0.78014,11238,
149.147,0.709274,10981.7,
157.309,0.706015,11159.3,
163.621,0.705651,10924.1,
168.505,0.688677,11090.5,
175.925,0.69402,10932.2,
180.463,0.690305,10925.6,
183.668,0.687841,10993.9,
217.469,0.680274,10940.2,
257.798,0.681631,10790.6,
264.929,0.680586,10805.7,
279.146,0.66792,10838.8,
285.481,0.662545,10867.3,
294.987,0.660255,10874.6,
306.942,0.647663,10865.7,
307.775,0.648599,10799.2,
312.138,0.655767,10769.9,
323.961,0.656996,10917.1,
324.473,0.658746,11005.6,
362.595,0.661046,11016,
366.989,0.662639,10867.8,
366.989,0.662639,11161.1,
693.147,0.0425965,658.452,
693.148,0.0425928,674.856,
693.148,0.0425928,691.986,
693.148,0.0425928,709.495,
693.147,0.0425965,727.78,
693.147,0.0425965,746.085,
693.147,0.0425965,764.796,
693.148,0.0425928,783.505,
693.147,0.0425965,803.473,
693.147,0.0425965,823.453,
693.147,0.0425965,843.882,
693.147,0.0425965,864.764,
693.148,0.0425928,885.644,
689.667,0.0425161,899.201,
693.148,0.0425928,929.745,
693.147,0.0425965,953.04,
693.147,0.0425965,978.596,
693.147,0.0425965,1005.02,
693.147,0.0425965,1031.74,
693.148,0.0425928,1059.03,
25.5541,0.740301,11558.2,
21.2334,0.751469,11579.2,
21.0845,0.772113,11693.5,
35.3666,0.777017,11617.6,
41.8686,0.748701,11467.9,
53.1126,0.74935,11229.1,
60.7903,0.73816,11322.4,
66.3209,0.73616,11362.8,
66.3209,0.720996,11205.5,
66.3209,0.713427,11137.7,
47.4488,0.758288,11210.7,
161.394,0.711582,10963.7,
168.826,0.703747,11110.9,
175.502,0.691387,10939,
180.59,0.697121,11014.9,
185.461,0.688394,10998,
189.096,0.688119,10788.8,
193.963,0.684228,10932.8,
215.637,0.674107,10941.9,
231.56,0.663679,10916.7,
264.542,0.666363,10865.2,
271.406,0.665379,10799.6,
301.158,0.657899,10788,
312.48,0.655371,10809,
313.867,0.650707,10834.5,
316.636,0.648689,10904.9,
318.7,0.657588,10954.3,
329.586,0.661358,10950.6,
333.469,0.661358,10869.1,
366.796,0.661358,10994.5,
370.763,0.659662,11140.6,
702.133,0.0428828,661.836,
705.606,0.0428828,678.587,
705.606,0.0428828,695.713,
705.606,0.0428828,713.219,
705.607,0.0428782,730.73,
702.133,0.0428828,749.405,
705.606,0.0428828,768.103,
702.133,0.0428828,787.215,
705.606,0.0428828,806.752,
705.606,0.0428828,826.722,
705.606,0.0428828,847.136,
705.606,0.0428828,868.003,
705.606,0.0428828,889.334,
705.607,0.0428782,910.655,
705.607,0.0428782,932.936,
705.606,0.0428828,956.211,
705.606,0.0428828,980.794,
705.607,0.0428782,1006.35,
705.606,0.0428828,1033.84,
705.606,0.0428828,1061.55,
705.606,0.0428828,1089.95,
23.0261,0.745831,11635.5,
23.0263,0.75214,11430,
23.0261,0.773623,11579.3,
41.9812,0.756615,11582.8,
53.1623,0.737151,11477.2,
61.3517,0.736611,11275.7,
66.8578,0.735006,11239,
70.6691,0.722662,11313.4,
70.6691,0.719094,11161.3,
42.9142,0.773709,11136.7,
170.459,0.710961,11149.6,
175.395,0.709402,11006,
182.537,0.697709,11072.8,
186.72,0.683887,10998.8,
190.93,0.691992,10939.8,
194.595,0.697063,10979.4,
199.253,0.681998,10881.1,
231.031,0.680829,10783.5,
247.922,0.680303,10878.3,
266.139,0.667764,10915.4,
296.257,0.657302,10896.3,
309.244,0.657172,10897.7,
312.457,0.656434,10904.9,
327.351,0.649525,10893,
330.21,0.650372,10904.5,
333.266,0.649762,10890.7,
334.303,0.647683,10823.7,
338.286,0.656209,10842.9,
370.269,0.658411,11034.4,
374.449,0.650123,11064.1,
714.96,0.0419871,658.3,
711.538,0.0417288,681.767,
711.538,0.0417288,698.883,
711.538,0.0417288,716.379,
711.538,0.0417288,734.263,
711.538,0.0417288,752.544,
711.538,0.0417288,771.23,
711.538,0.0417288,790.331,
715.845,0.0418159,809.431,
715.845,0.0418159,829.358,
711.538,0.0417288,850.217,
715.845,0.0418159,870.614,
715.845,0.0418159,891.921,
715.845,0.0418159,913.701,
711.538,0.0417288,936.457,
711.538,0.0417288,959.227,
715.845,0.0418159,982.198,
711.538,0.0417288,1008.97,
711.538,0.0417288,1035.59,
715.845,0.0418159,1062.77,
715.845,0.0418159,1091.11,
24.536,0.741399,11835.5,
24.5482,0.744801,11679.9,
24.536,0.768945,11435.5,
41.5861,0.750026,11428,
53.1371,0.743311,11491.9,
61.4414,0.741961,11445.8,
68.4028,0.730227,11278.6,
76.5363,0.726743,11168.9,
76.5363,0.713441,11287.4,
76.5363,0.713202,11139.8,
155.201,0.702431,11124.8,
182.996,0.705273,11112.8,
188.294,0.687124,10998.5,
192.18,0.686128,11022.2,
196.711,0.689628,10984.6,
200.196,0.679899,10821,
205.28,0.681871,10945.6,
263.45,0.681871,10928.4,
270.726,0.670548,10794.9,
246.747,0.672714,10748.8,
277.992,0.671747,10797.1,
303.064,0.652755,10829.8,
312.94,0.654214,10847,
324.816,0.654214,10822.8,
326.305,0.653324,10803.5,
337.648,0.64361,10756.3,
341.159,0.648977,10776,
343.289,0.642479,10920.3,
373.52,0.651259,11010.6,
374.073,0.653655,10959.9,
726.744,0.0396085,668.035,
725.677,0.0401346,684.412,
725.677,0.0401346,701.511,
726.744,0.0396085,719.364,
726.744,0.0396085,737.24,
725.677,0.0401346,755.119,
725.677,0.0401346,773.79,
726.744,0.0396085,793.282,
726.744,0.0396085,812.798,
726.744,0.0396085,832.747,
726.744,0.0396085,853.139,
725.677,0.0401346,873.529,
726.744,0.0396085,895.292,
725.677,0.0401346,916.596,
725.677,0.0401346,938.849,
726.744,0.0396085,962.098,
726.744,0.0396085,985.363,
726.744,0.0396085,1011.14,
726.744,0.0396085,1037.73,
726.744,0.0396085,1065.35,
726.744,0.0396085,1093.67,
25.0265,0.7412,11783.7,
25.1086,0.742567,11815.2,
25.1084,0.771646,11717.3,
45.5824,0.749442,11490.4,
53.477,0.738523,11259.2,
62.938,0.736418,11392.6,
70.0251,0.734207,11423.3,
77.4226,0.723085,11303,
80.6795,0.711872,11076,
80.6805,0.711188,11226.3,
50.8837,0.764045,11120.9,
192.882,0.704638,11074.9,
196.007,0.697802,11047.4,
199.305,0.687374,10999.8,
201.639,0.69406,10897.3,
208.846,0.691711,10985,
212.123,0.680793,10779.9,
216.053,0.683753,10881.9,
242.921,0.66632,10897.1,
286.397,0.666021,10861.8,
281.858,0.654269,10792.6,
307.26,0.652617,10701.3,
304.676,0.64904,10682.8,
330.708,0.650061,10675.8,
341.287,0.649965,10698.2,
343.282,0.651322,10766.8,
344.743,0.648533,10860,
336.799,0.650298,10926.4,
350.14,0.654693,10942.8,
377.622,0.656572,10824.8,
737.219,0.0369092,670.871,
737.219,0.0369092,687.598,
737.219,0.0369092,704.7,
737.219,0.0405898,721.809,
737.219,0.0405898,739.668,
737.219,0.0369092,758.315,
737.219,0.0405898,776.585,
737.219,0.0405898,795.66,
737.219,0.0369092,815.578,
737.219,0.0369092,835.52,
737.219,0.0369092,855.904,
737.219,0.0369092,876.741,
737.219,0.0369092,898.041,
737.219,0.0369092,919.813,
737.219,0.0369092,942.069,
737.219,0.0369092,964.82,
737.219,0.0369092,988.076,
737.219,0.0369092,1013.3,
737.219,0.0405898,1039,
737.219,0.0405898,1066.57,
737.219,0.0369092,1095.74,
26.0186,0.740036,11573.8,
26.0186,0.746809,11591.3,
26.0183,0.74916,11704.6,
26.0186,0.773969,11672.7,
54.6194,0.745816,11545.2,
64.0271,0.732499,11352.9,
71.4974,0.73932,11229.7,
78.6847,0.726611,11343.6,
85.9715,0.719713,11283.7,
86.3871,0.712088,11028.6,
46.3834,0.775006,11189.9,
167.138,0.701778,11079.6,
205.759,0.694116,11045.7,
208.91,0.696757,11014.8,
211.618,0.692606,10986.1,
215.42,0.682733,10890.7,
218.4,0.681986,10939.6,
222.445,0.677385,10830.9,
256.228,0.673082,10775.5,
281.549,0.664782,10853.5,
302.354,0.661183,10869.1,
307.963,0.652419,10820.8,
319.402,0.651309,10806.9,
335.636,0.653526,10796.4,
340.822,0.644503,10797.6,
343.732,0.64139,10830.5,
353.321,0.647084,10872,
356.389,0.651258,10882.9,
357.514,0.655495,10759.5,
378.011,0.656572,10859.2,
743.308,0.0352783,673.552,
743.308,0.0352749,689.918,
743.308,0.0352783,707.37,
743.308,0.0352783,724.845,
743.308,0.0352749,742.329,
743.308,0.0352749,760.576,
743.308,0.0352783,779.633,
743.308,0.0352783,798.711,
743.308,0.0352749,817.796,
743.308,0.0352749,837.721,
743.308,0.0352749,858.088,
743.308,0.0352783,879.357,
743.308,0.0352749,900.167,
743.308,0.0352749,921.94,
743.308,0.0352749,944.177,
743.308,0.0352783,967.408,
743.308,0.0352749,990.147,
743.308,0.0352749,1014.58,
743.308,0.0352783,1041.95,
743.308,0.0352783,1069.53,
743.308,0.0352783,1097.79,
28.2837,0.736771,11877.2,
28.2837,0.739941,11714.3,
28.2595,0.746767,11476.1,
28.2595,0.774574,11537.2,
55.034,0.774574,11553.4,
65.9776,0.732731,11516,
73.3439,0.734044,11397.4,
80.5832,0.719825,11173.4,
87.3395,0.718091,11253.1,
91.9421,0.712052,11271.2,
91.9421,0.708337,11058.6,
152.6,0.706396,11136.2,
201.294,0.696968,11064,
217.179,0.686193,10971.7,
220.576,0.695346,10989.4,
223.958,0.696638,10932.9,
228.136,0.683366,10817.5,
230.795,0.676183,10907.3,
272.811,0.676725,10840.6,
259.663,0.676724,10697.5,
301.24,0.658754,10791.5,
298.287,0.657816,10806.5,
329.994,0.655591,10818.5,
323.675,0.644722,10825.9,
353.03,0.637407,10806.5,
356.158,0.638242,10824.1,
348.047,0.646821,10834.2,
362.481,0.647356,10809.6,
364.709,0.655612,10760.5,
380.449,0.66197,10905,
755.875,0.030551,676.084,
755.875,0.0305512,692.801,
755.875,0.0305512,709.893,
755.875,0.0305512,727.364,
755.875,0.0305512,745.222,
755.875,0.0305512,763.477,
755.875,0.0305512,782.137,
755.875,0.0305512,801.21,
755.875,0.0305512,820.708,
755.875,0.0305512,840.638,
757.19,0.027702,860.575,
757.19,0.027702,881.389,
755.875,0.0305512,903.122,
755.875,0.0305512,924.882,
755.875,0.0305512,947.125,
755.875,0.0305512,969.863,
755.875,0.0305512,993.105,
757.19,0.027702,1016.78,
755.875,0.0305512,1043.76,
755.875,0.0305512,1071.31,
755.875,0.0305512,1099.55,
29.4637,0.7389,11879.4,
29.5772,0.747477,11885.7,
29.5772,0.744447,11796.6,
29.464,0.759455,11622.4,
29.464,0.766633,11363.7,
67.7894,0.740934,11370.4,
76.0731,0.732918,11444.1,
83.202,0.725784,11410.7,
91.0066,0.724852,11255.2,
96.6833,0.710731,11167.7,
99.4781,0.712073,11203.3,
172.812,0.709664,11090.2,
197.883,0.689115,11029.7,
214.672,0.695751,11024.3,
222.774,0.694192,10907.7,
232.426,0.682531,10934.4,
234.747,0.682452,10892.6,
238.37,0.681433,10788.2,
240.423,0.669218,10874.1,
269.803,0.65565,10799.3,
309.498,0.657697,10665.2,
326.002,0.649716,10705.8,
299.816,0.647712,10756.5,
336.4,0.64518,10781.2,
361.52,0.636328,10766.8,
362.061,0.63454,10777.7,
356.122,0.640499,10769.4,
366.186,0.64348,10740.6,
369.57,0.649433,10722.3,
382.135,0.656373,10912.6,
764.23,0.0302046,678.477,
764.23,0.0302046,695.191,
764.23,0.0302046,712.279,
764.23,0.0302046,729.746,
764.23,0.0302046,747.601,
764.23,0.0302046,765.851,
764.23,0.0302046,784.507,
764.23,0.0302046,803.577,
764.23,0.0302046,823.07,
768.782,0.0302014,842.573,
768.782,0.0302014,862.931,
764.23,0.0302046,884.184,
764.23,0.0302046,905.466,
764.23,0.0302046,927.221,
768.782,0.0302014,948.989,
764.23,0.0302046,972.192,
764.23,0.0302046,995.43,
764.23,0.0302046,1019.53,
764.23,0.0302046,1046.03,
768.782,0.0302014,1073.07,
764.23,0.0302046,1101.8,
29.7524,0.734742,11582.6,
30.7123,0.734605,11624.2,
30.7123,0.744364,11723.2,
30.7123,0.749402,11737,
30.7123,0.748274,11648.1,
69.0965,0.732662,11504.5,
79.9732,0.735098,11310,
87.6096,0.721926,11235.5,
94.2834,0.718091,11320.2,
100.983,0.713306,11259.7,
106.655,0.709861,11021.5,
192.251,0.698492,11126.2,
201.32,0.697012,11075.2,
219.296,0.692904,10933.3,
232.532,0.692796,11005.4,
238.838,0.687144,10834.7,
245.259,0.687144,10914.4,
246.836,0.676107,10827.7,
249.237,0.669474,10764.7,
290.547,0.664572,10813.3,
314.7,0.652593,10781.8,
295.488,0.654142,10676.7,
317.649,0.648735,10643.4,
345.098,0.64652,10698,
355.853,0.637109,10700.7,
364.92,0.638391,10711.7,
375.714,0.643309,10706.8,
367.754,0.651885,10665.2,
376.363,0.65306,10739,
380.447,0.652889,10902.3,
774.631,0.0270688,680.805,
774.929,0.0270688,697.517,
774.929,0.0270688,714.604,
774.929,0.0270688,732.069,
774.929,0.0270688,749.922,
774.929,0.0270688,768.172,
774.631,0.0270881,786.422,
774.929,0.0270688,805.894,
774.631,0.0270881,824.967,
774.631,0.0270881,844.875,
774.929,0.0270688,865.675,
774.929,0.0270688,886.493,
774.929,0.0270688,907.774,
774.929,0.0270688,929.527,
774.929,0.0270688,951.764,
774.929,0.0270688,974.494,
774.631,0.0270881,997.225,
774.631,0.0270881,1021.38,
774.631,0.0270881,1047.88,
774.929,0.0270688,1075.91,
774.929,0.0270688,1104.14,
13.9819,0.733991,12824.6,
33.1263,0.740037,11796.1,
33.1256,0.74662,11613.7,
33.1263,0.745735,11437.9,
33.1263,0.770881,11553.1,
71.8203,0.73537,11537.1,
83.2543,0.731843,11497.5,
91.1413,0.723851,11388.3,
97.7309,0.714914,11189,
105.343,0.712925,11188.8,
110.383,0.709942,11235.4,
113.933,0.710587,11091.3,
208.167,0.694188,11007.7,
214.699,0.695893,11055.3,
225.32,0.700235,10813.9,
244.943,0.682641,10967.7,
252.504,0.682641,10746.7,
257.207,0.674337,10859,
259.752,0.667127,10762,
296.626,0.661366,10720.6,
307.339,0.652017,10781.5,
329.242,0.648796,10749.9,
295.393,0.646223,10657.1,
318.111,0.638657,10592.4,
361.445,0.635826,10603.1,
375.75,0.640181,10637.5,
371.821,0.644894,10635.2,
373.609,0.653078,10637.7,
383.472,0.654787,10746.7,
382.097,0.655355,10909.9,
786.748,0.0231434,683.051,
786.748,0.0231434,699.767,
786.748,0.0231434,716.853,
786.748,0.0231434,734.319,
786.749,0.0191595,751.799,
786.749,0.0191595,770.034,
786.748,0.0231434,789.075,
786.748,0.0231434,808.143,
786.748,0.0231434,827.635,
786.748,0.0231434,847.558,
786.748,0.0231434,867.925,
786.748,0.0231434,888.743,
786.748,0.0231434,910.024,
786.748,0.0231434,931.777,
787.915,0.0231434,954.018,
786.748,0.0231434,976.744,
786.748,0.0231434,999.979,
786.748,0.0231434,1024.16,
787.915,0.0231434,1050.66,
786.748,0.0231434,1078.2,
786.748,0.0231434,1106.43,
18.2834,0.733039,12713.7,
33.9103,0.737032,11917.6,
34.6869,0.739278,11871.4,
34.6869,0.747405,11765.3,
34.6869,0.754285,11602.8,
34.6869,0.759961,11384.2,
86.8606,0.734901,11282.2,
96.0018,0.718838,11369.6,
103.28,0.71533,11376.7,
108.311,0.713414,11273.4,
114.521,0.702685,11039.2,
119.972,0.705791,11111.4,
204.266,0.693253,11111.3,
219.323,0.693355,10878,
232.408,0.695156,10983.8,
239.452,0.687248,10871.1,
260.12,0.674542,10878.8,
266.13,0.674542,10748.6,
267.726,0.66464,10821.3,
269.022,0.657299,10701.1,
310.37,0.65228,10663.3,
329.956,0.653084,10751,
311.782,0.653373,10693.3,
359.467,0.631686,10632.4,
372.392,0.63871,10583.2,
380.718,0.63815,10560.8,
383.512,0.640204,10569.8,
379.056,0.645,10643,
385.374,0.653771,10747.7,
380.447,0.653771,10874.9,
796.01,0.0196749,684.58,
796.009,0.0196761,701.545,
796.009,0.0196761,718.619,
798.728,0.0204959,736.442,
798.728,0.0204959,754.295,
798.728,0.0204959,772.544,
798.728,0.0204959,791.198,
796.009,0.0196761,809.868,
796.009,0.0196761,829.35,
796.009,0.0196761,849.259,
796.009,0.0196761,869.62,
796.009,0.0196761,890.428,
796.009,0.0196761,911.698,
798.728,0.0204959,933.9,
796.009,0.0196761,955.661,
798.728,0.0204959,978.866,
796.004,0.0205279,992.509,
798.728,0.0204959,1026.32,
798.728,0.0204959,1052.82,
798.728,0.0204959,1080.36,
798.728,0.0204959,1108.58,
19.5452,0.731843,12606.8,
33.808,0.736939,11573.9,
36.0319,0.735701,11652.7,
36.0319,0.748959,11701.9,
36.3873,0.748735,11693.1,
36.3873,0.761454,11624.9,
89.9068,0.730583,11520.5,
100.886,0.725419,11374,
107.299,0.715715,11156.9,
115.338,0.711746,11201.9,
121.858,0.70175,11229.9,
127.64,0.706141,11109.5,
208.881,0.701327,10933.2,
216.124,0.688613,11035.7,
235.66,0.692869,10919.3,
246.402,0.681714,10878.1,
255.834,0.681139,10862.1,
274.85,0.665848,10783.9,
278.438,0.664486,10763,
280.345,0.653225,10767.3,
316.451,0.651131,10585.5,
334.784,0.650624,10696.8,
351.607,0.638526,10696.3,
313.242,0.636856,10672.6,
334.629,0.638591,10622.8,
381.516,0.638591,10594.8,
383.36,0.641891,10594.1,
386.149,0.645072,10665.4,
385.059,0.654352,10743.9,
383.968,0.651962,10860.6,
808.725,0.0155409,687.179,
808.725,0.0155409,703.899,
808.725,0.0155409,720.985,
808.924,0.0155784,738.089,
808.924,0.0155784,755.937,
808.725,0.0155409,774.55,
808.725,0.0155409,793.204,
808.725,0.0155409,812.276,
803.967,0.015969,823.775,
808.725,0.0155409,851.691,
808.924,0.0155784,871.634,
808.924,0.0155784,892.442,
808.924,0.0155784,913.692,
808.725,0.0155409,935.91,
808.924,0.0155784,957.681,
808.924,0.0155784,980.4,
808.924,0.0155409,1004.11,
808.924,0.0155784,1027.89,
808.924,0.0155784,1054.39,
808.725,0.0155409,1082.4,
808.725,0.0155409,1110.62,
19.868,0.730964,12504.1,
33.8266,0.733598,11931.3,
41.1683,0.737055,11782.6,
42.6413,0.745175,11630.7,
42.6413,0.735189,11447.3,
42.5414,0.728821,11409.7,
97.737,0.731678,11424.1,
105.954,0.714922,11430.3,
115.754,0.718622,11385.6,
120.319,0.713906,11264.9,
130.038,0.708686,11054.6,
132.247,0.697778,11089.9,
140.924,0.695979,11109.2,
220.501,0.691574,10962.1,
232.589,0.693746,10918.7,
239.859,0.683407,10928.7,
261.686,0.679007,10721.5,
267.452,0.669812,10840.7,
289.578,0.667077,10646.2,
290.899,0.659858,10756.9,
313.102,0.649125,10678.3,
340.1,0.64698,10612.7,
340.795,0.646273,10659.1,
359.256,0.637077,10665.8,
351.889,0.637669,10641.7,
383.609,0.629401,10610.6,
385.424,0.643659,10604.8,
386.148,0.644742,10667.8,
385.059,0.652622,10736.8,
380.45,0.652504,10845.4,
818.91,0.0121126,689.078,
818.91,0.0121126,705.794,
818.91,0.0121126,722.884,
818.91,0.0121126,740.35,
818.91,0.0121126,758.203,
818.91,0.0121126,776.452,
819.065,0.0117985,794.724,
818.91,0.0121126,814.174,
818.91,0.0121126,833.662,
818.91,0.0121126,853.59,
818.91,0.0121126,873.956,
818.91,0.0121126,894.77,
819.065,0.0117985,915.615,
819.065,0.0117985,937.357,
819.065,0.0117985,959.583,
818.91,0.0121126,982.776,
818.91,0.0121126,1006.01,
818.91,0.0121126,1030.29,
818.91,0.0121126,1056.79,
818.91,0.0121126,1084.33,
818.91,0.0121126,1112.55,
20.5405,0.729158,12404.3,
20.5406,0.736487,12388.3,
41.61,0.74326,11880.8,
45.1458,0.735694,11837.5,
45.1458,0.745495,11758.5,
45.1458,0.754504,11647.4,
45.1444,0.734131,11475.8,
110.075,0.722121,11268.4,
122.787,0.715588,11141.8,
126.62,0.712889,11236.7,
132.637,0.702303,11250.7,
136.701,0.704147,11160.2,
141.336,0.693037,10897.9,
219.38,0.692384,10993.6,
236.72,0.697984,10985.4,
247.733,0.680758,10786.5,
264.554,0.670607,10869.3,
273.34,0.675571,10766,
299.342,0.654141,10750.1,
301.604,0.657262,10671.7,
320.619,0.654958,10698.7,
330.614,0.650445,10577.9,
355.662,0.639638,10597.5,
369.785,0.628158,10646.3,
379.192,0.637425,10648.1,
351.664,0.633022,10614.8,
386.104,0.640955,10611.2,
388.911,0.639878,10662.3,
385.059,0.653163,10727.5,
384.096,0.651385,10823.2,
831.19,0.0119064,690.877,
831.19,0.0119064,707.597,
831.19,0.0119064,724.684,
831.19,0.0119056,741.8,
831.19,0.0119056,759.645,
831.19,0.0119064,778.252,
831.19,0.0119064,796.906,
831.19,0.0119064,815.974,
831.19,0.0119064,835.465,
831.19,0.0119064,855.389,
831.19,0.0119064,875.756,
831.19,0.0119064,896.574,
831.19,0.0119064,917.855,
831.19,0.0119056,939.165,
831.19,0.0119064,961.845,
831.19,0.0119056,984.111,
831.19,0.0119056,1007.34,
831.19,0.0119064,1032.12,
831.19,0.0119064,1058.62,
831.19,0.0119064,1086.16,
831.19,0.0119064,1114.38,
21.4523,0.726265,12480.8,
22.297,0.735606,12463.7,
42.1961,0.733162,11574.9,
46.7143,0.732686,11504.9,
49.5061,0.735459,11536.4,
49.3168,0.729294,11562.4,
49.5061,0.757654,11533.5,
119.421,0.715955,11491.4,
126.495,0.715036,11419.3,
132.5,0.709992,11299.4,
139.113,0.705911,11120.5,
146.729,0.68506,11039.5,
151.106,0.693488,11080.5,
224.912,0.690632,11035.7,
232.289,0.689234,10831.5,
252.46,0.683401,10888.8,
263.202,0.678339,10848.3,
277.853,0.669347,10713.3,
292.57,0.659309,10748.2,
310.295,0.658525,10617.6,
326.172,0.649473,10664.5,
340.72,0.644967,10630.4,
361.46,0.637405,10517.4,
375.345,0.638071,10610,
381.232,0.637952,10631,
384.591,0.633975,10605,
352.793,0.635486,10655.8,
386.148,0.643996,10649.3,
385.059,0.647062,10718.6,
380.453,0.65139,10818.1,
842.584,0.00192674,692.586,
842.584,0.00192674,709.305,
843.533,0.00191198,726.053,
842.584,0.00192674,743.858,
842.584,0.00192674,761.711,
842.584,0.00192674,779.96,
842.584,0.00192674,798.614,
842.584,0.00192674,817.682,
842.584,0.00192674,837.174,
842.584,0.00192674,857.098,
842.584,0.00192674,877.464,
842.584,0.00192674,898.282,
843.533,0.00191198,919.13,
843.533,0.00191198,940.873,
843.533,0.00191198,963.087,
843.533,0.00191198,985.824,
843.533,0.00191198,1009.05,
842.584,0.00192674,1033.86,
842.584,0.00192674,1060.36,
843.533,0.00191198,1087.42,
843.533,0.00191198,1115.63,
22.372,0.729556,12100,
22.0907,0.731171,12074.7,
42.2334,0.744385,11939.2,
49.2354,0.735186,11824.5,
52.7955,0.746876,11715.6,
52.7972,0.731575,11596.3,
52.7955,0.759275,11451.1,
123.924,0.727206,11308.1,
133.009,0.71792,11179,
142.376,0.704472,11234.6,
145.216,0.701351,11237.2,
152.862,0.706949,11170.7,
158.16,0.697988,11018.9,
231.789,0.690388,10869.6,
237.997,0.696579,10947.6,
248.401,0.680219,10882.6,
268.049,0.664096,10691.8,
278.8,0.678641,10794.3,
297.704,0.659785,10664.5,
311.162,0.654861,10696.3,
317.061,0.648164,10587.8,
343.806,0.647445,10638.9,
360.083,0.639493,10537.2,
370.151,0.638779,10513.9,
357.171,0.63443,10610,
388.196,0.635479,10599.4,
388.673,0.641976,10606,
358.079,0.645019,10643.9,
385.059,0.653756,10708.6,
384.135,0.654752,10806.3,
849.752,0.00145269,694.209,
849.752,0.00145269,710.929,
849.752,0.00145269,728.016,
849.752,0.00145269,745.481,
849.752,0.00145269,763.335,
852.808,0.00159624,781.223,
849.752,0.00145269,800.238,
849.752,0.00145269,819.306,
848.868,0.00145468,830.886,
849.752,0.00145269,858.721,
849.752,0.00145269,879.088,
849.752,0.00145269,899.906,
849.752,0.00145269,921.187,
852.808,0.00159624,942.5,
852.808,0.00159624,964.731,
852.808,0.00159624,987.446,
849.752,0.00145269,1011.14,
849.752,0.00145269,1035.51,
849.752,0.00145269,1062.02,
849.752,0.00145269,1089.55,
849.752,0.00145269,1117.77,
24.9017,0.730507,11930.5,
24.9831,0.732521,11878.7,
41.7746,0.731123,11783.9,
49.567,0.741321,11745.3,
55.0321,0.731347,11719.4,
57.7166,0.736895,11676.4,
57.7166,0.733307,11619.6,
44.7614,0.758262,11510.9,
141.644,0.714862,11422.8,
148.137,0.706746,11306.2,
156.841,0.699941,11150.8,
157.835,0.696653,11066.8,
165.13,0.695092,11049,
166.442,0.691072,11037.2,
235.749,0.684394,10927.2,
252.491,0.683455,10749.1,
275.88,0.671243,10828,
285.231,0.662866,10756.1,
305.303,0.658305,10664.8,
315.967,0.65057,10687.8,
324.281,0.647449,10552.2,
352.555,0.637974,10613.6,
369.759,0.637974,10565.8,
376.738,0.629617,10500.7,
386.022,0.634487,10582.4,
388.778,0.637384,10582.3,
388.673,0.638415,10599.4,
376.197,0.642146,10636.2,
385.059,0.647541,10699.4,
380.447,0.653028,10797.9,
861.389,0.00105996,695.755,
860.352,0.00106181,712.153,
861.389,0.00105996,729.561,
861.389,0.00105996,747.027,
857.415,0.00154184,757.669,
861.389,0.00105996,783.129,
861.389,0.00105996,801.783,
860.352,0.00106181,820.481,
860.352,0.00106181,839.963,
861.389,0.00105996,860.267,
861.389,0.00105996,880.633,
861.389,0.00105996,901.451,
861.389,0.00105996,922.732,
861.389,0.00105996,944.485,
860.352,0.00106181,966.28,
860.352,0.00106181,989,
860.352,0.00106181,1012.23,
860.352,0.00106181,1036.64,
860.352,0.00106181,1063.13,
860.352,0.00106181,1090.65,
861.389,0.00105996,1119.35,
25.912,0.724772,11915.9,
25.912,0.731894,11908,
37.1812,0.741128,11816.7,
49.6299,0.729801,11746,
57.644,0.737652,11656.8,
61.136,0.72876,11552,
61.5685,0.744597,11419,
61.136,0.750028,11265.1,
147.664,0.717507,11251.5,
155.669,0.704305,11268.3,
160.715,0.696953,11246.9,
167.123,0.702589,11205.7,
174.615,0.692199,11091.1,
174.392,0.691846,10931.4,
238.028,0.696511,10846.3,
260.28,0.67496,10893,
270.868,0.664982,10818.6,
290.202,0.665863,10645,
295.711,0.655904,10721.2,
322.081,0.653029,10619.2,
331.18,0.645931,10623.1,
357.606,0.637983,10553.3,
372.525,0.637983,10578.1,
383.726,0.634401,10438.4,
387.055,0.634426,10550,
389.094,0.635643,10566.4,
388.673,0.641363,10593.5,
386.148,0.641879,10626.9,
369.374,0.647117,10693.2,
380.447,0.649213,10789,
864.532,0.000824812,696.656,
866.379,0.000922666,713.947,
866.379,0.000922666,731.033,
866.379,0.000922666,748.499,
866.379,0.000922666,766.352,
866.379,0.000922666,784.602,
866.379,0.000922666,803.256,
866.382,0.000938321,821.953,
866.382,0.000938321,841.435,
866.382,0.000938321,861.35,
866.379,0.000922666,882.105,
866.379,0.000922666,902.923,
866.379,0.000922666,924.204,
866.379,0.000922666,945.957,
866.379,0.000922666,968.194,
866.379,0.000922666,990.924,
866.379,0.000922666,1014.16,
866.379,0.000922666,1038.58,
866.379,0.000922666,1065.09,
866.379,0.000922666,1092.62,
866.382,0.000938321,1120.37,
660.437,0.0359355,1150.73,
27.4421,0.728769,12079.9,
27.4421,0.737784,12032.8,
50.4089,0.738311,11894.6,
58.3234,0.728373,11788.5,
66.1664,0.731995,11713,
67.4279,0.731322,11637.7,
67.4279,0.741866,11553.5,
157.52,0.708966,11457.2,
165.446,0.703491,11346.1,
167.629,0.706573,11212.2,
177.385,0.694108,11037.6,
178.717,0.68728,10957.3,
183.202,0.690885,10974.4,
237.648,0.686925,10973.2,
254.567,0.681451,10862.7,
277.531,0.669123,10681.5,
287.725,0.662827,10752.8,
300.379,0.662827,10703.7,
327.626,0.647702,10524.7,
336.575,0.644001,10627.8,
368.966,0.638429,10474,
379.184,0.636763,10569.8,
380.612,0.634417,10460.1,
386.688,0.635495,10515.1,
391.501,0.641587,10548.1,
388.673,0.641587,10579.3,
386.148,0.640932,10618.3,
385.059,0.646385,10682.3,
380.447,0.651394,10781,
866.379,0.000563868,698.632,
866.379,0.000563868,715.351,
866.382,0.000563832,732.111,
866.379,0.000563868,749.904,
866.379,0.000563868,767.757,
866.379,0.000563868,786.006,
866.379,0.000563868,804.66,
866.379,0.000563868,823.728,
866.379,0.000563868,843.219,
866.382,0.000563832,862.758,
866.382,0.000563832,883.115,
866.379,0.000563868,904.328,
864.535,0.000563832,925.195,
864.535,0.000563832,946.939,
866.379,0.000563868,969.598,
866.379,0.000563868,992.328,
866.379,0.000563868,1015.56,
866.379,0.000563868,1040.01,
866.379,0.000563868,1066.51,
866.379,0.000563868,1094.05,
866.382,0.000563832,1121.8,
670.777,0.0327286,1151.32,
28.637,0.729686,11719.9,
28.637,0.733141,11655.2,
50.7352,0.725804,11577.7,
59.2324,0.736751,11512.2,
67.9418,0.724979,11454.2,
71.2204,0.725919,11364.6,
71.3448,0.749409,11286,
138.596,0.711086,11257.4,
170.797,0.70264,11229.1,
179.709,0.696355,11211.2,
181.245,0.695416,11173.2,
185.746,0.692234,11105.4,
193.881,0.689827,10997.8,
241.34,0.693317,10881.4,
260.293,0.673275,10740.8,
280.474,0.662622,10785.6,
290.394,0.661581,10764.5,
308.934,0.652541,10616.7,
322.109,0.653178,10615.7,
344.037,0.6507,10600,
357.86,0.638275,10496.5,
381.087,0.637561,10545,
384.426,0.63441,10482.5,
386.743,0.640653,10479.7,
392.587,0.643251,10527.8,
388.837,0.643251,10570.1,
389.168,0.644989,10613.3,
385.059,0.646385,10674.5,
380.447,0.651394,10774.3,
866.379,0,699.973,
864.535,0,716.379,
866.379,0,733.779,
866.379,0,751.245,
866.379,0,769.098,
864.535,0,787.003,
866.381,0,805.645,
866.381,0,824.705,
866.379,0,844.561,
866.379,0,864.484,
866.381,0,884.46,
866.381,0,905.269,
866.379,0,926.95,
866.379,0,948.703,
866.381,0,970.51,
866.379,0,993.669,
866.379,0,1016.9,
866.379,0,1041.38,
866.379,0,1067.88,
866.379,0,1095.41,
866.379,0,1123.64,
682.469,0.0296482,1152.7,
30.643,0.73035,12039.5,
30.643,0.733393,12020.3,
50.6575,0.733483,11909.6,
60.1966,0.724576,11836.7,
69.2633,0.733326,11757.1,
76.4447,0.720853,11676.6,
77.7902,0.709323,11593,
77.4996,0.708073,11464.3,
170.087,0.700682,11361.4,
184.326,0.699514,11242.3,
189.306,0.68737,11108.9,
194.836,0.689176,10951.8,
201.53,0.685651,10891.6,
205.482,0.678363,10896.9,
266.729,0.668927,10870.7,
279.386,0.666927,10790.7,
296.314,0.657097,10678,
308.299,0.652236,10619.7,
331.71,0.644605,10626.7,
340.807,0.638885,10539,
370.587,0.625955,10518.5,
382.256,0.636835,10507.6,
386.305,0.633668,10484.5,
392.158,0.633878,10445.3,
392.587,0.644138,10507.9,
388.673,0.645316,10558,
386.148,0.645316,10602.8,
385.059,0.647119,10667.5,
380.447,0.651394,10768.1,
862.315,0,694.726,
866.379,0,717.974,
866.379,0,735.061,
866.379,0,752.527,
866.379,0,770.38,
866.379,0,788.629,
866.379,0,807.283,
864.535,0,825.995,
866.379,0,845.843,
866.379,0,865.766,
866.379,0,886.133,
866.379,0,906.951,
866.379,0,928.232,
866.379,0,949.985,
866.379,0,972.221,
866.379,0,994.922,
864.535,0,1017.75,
866.379,0,1042.68,
864.535,0,1068.74,
864.535,0,1096.26,
866.379,0,1124.94,
687.136,0.0258129,1154.84,
32.4867,0.742357,12031.1,
32.4003,0.728285,11900.6,
51.7081,0.727488,11787.9,
61.806,0.734366,11593.2,
70.7652,0.716535,11462.6,
78.7277,0.718822,11361,
83.9416,0.737807,11311.3,
82.2016,0.707303,11281.4,
174.083,0.698357,11237.9,
190.882,0.694541,11189.8,
198.593,0.699843,11151.2,
203.141,0.676475,11109.7,
211.014,0.691083,11039.3,
210.692,0.689394,10945.6,
262.38,0.672916,10829.1,
280.505,0.661245,10677.5,
294.968,0.658849,10680.5,
316.678,0.64601,10669.2,
338.523,0.645399,10585.4,
348.555,0.641566,10463,
372.58,0.639291,10529,
378.641,0.635228,10461,
389.519,0.64364,10483.1,
392.157,0.643436,10410.1,
392.16,0.645241,10491.7,
388.673,0.645798,10547.2,
386.148,0.645798,10594.9,
385.059,0.647119,10661.3,
380.447,0.651394,10763.1,
866.379,0,702.485,
866.379,0,719.201,
866.379,0,736.288,
866.381,0,753.432,
866.381,0,771.278,
864.535,0,789.515,
866.381,0,808.165,
866.379,0,827.578,
866.379,0,847.069,
864.534,0,866.614,
866.379,0,887.359,
866.379,0,908.178,
866.379,0,929.458,
866.379,0,951.211,
866.379,0,973.448,
866.379,0,996.178,
866.381,0,1018.98,
866.379,0,1043.93,
866.381,0,1070,
866.017,0,1087.74,
862.315,0,1116.12,
701.117,0.0249782,1156.1,
34.9343,0.727161,11803.2,
33.9857,0.73333,11894.5,
27.8205,0.737195,11866.6,
64.5177,0.722129,11836.5,
72.1687,0.729931,11747.3,
80.3952,0.720488,11670.3,
88.508,0.708916,11598,
88.508,0.709948,11504.1,
169.956,0.70747,11403.4,
193.178,0.695489,11300.6,
202.829,0.688768,11190.9,
214.158,0.685663,11072.5,
216.575,0.682839,10934.5,
221.131,0.679483,10805.3,
266.801,0.675408,10771.1,
281.351,0.662929,10767.7,
299.998,0.653359,10729,
322.061,0.647081,10645.9,
324.385,0.642403,10513.6,
354.004,0.63843,10522,
378.078,0.639779,10509.4,
380.497,0.638298,10396.4,
386.804,0.644743,10472.3,
394.862,0.643437,10391.1,
392.16,0.64655,10470.3,
388.673,0.645902,10537,
386.148,0.645902,10587.8,
385.059,0.647119,10655.1,
380.447,0.651394,10758.7,
862.315,0,697.152,
866.381,0,720.073,
866.381,0,737.152,
866.381,0,754.61,
866.381,0,772.456,
866.381,0,790.698,
866.379,0,809.685,
866.379,0,828.753,
866.381,0,847.887,
866.379,0,868.168,
866.379,0,888.534,
866.379,0,909.353,
866.379,0,930.633,
866.379,0,952.386,
866.379,0,974.622,
866.381,0,996.932,
866.381,0,1020.15,
866.379,0,1045.12,
866.379,0,1071.62,
866.381,0,1098.72,
866.381,0,1126.94,
710.527,0.0225838,1157.3,
710.527,0.0225838,1189.43,
36.7038,0.726726,12048.4,
29.0634,0.720456,11915.8,
66.6659,0.734389,11725.3,
75.3912,0.712643,11573.1,
90.2922,0.713849,11449.4,
92.3288,0.711642,11351.4,
96.6243,0.704692,11272.1,
177.356,0.69894,11177.9,
192.779,0.690703,11114.6,
209.722,0.686596,11078.1,
223.045,0.676124,11032.7,
226.829,0.685113,10982,
229.731,0.673836,10913.5,
262.159,0.670555,10876.5,
285.704,0.660822,10794.5,
305.165,0.653468,10693,
317.023,0.655239,10555.5,
329.19,0.650013,10535.7,
359.525,0.638515,10555.3,
374.837,0.638517,10477.1,
382.545,0.642142,10407.2,
390.159,0.646348,10456.1,
394.862,0.646348,10398.5,
392.16,0.645234,10452,
388.673,0.645903,10527.3,
387.778,0.642322,10582.2,
385.059,0.647119,10649.6,
380.447,0.650243,10752.5,
866.379,0,704.787,
866.379,0,721.503,
866.379,0,738.59,
866.379,0,756.055,
864.535,0,773.586,
866.379,0,792.158,
864.535,0,810.474,
862.316,0,821.916,
866.379,0,849.371,
866.379,0,869.295,
866.379,0,889.661,
866.379,0,910.479,
866.379,0,931.759,
866.379,0,953.513,
864.535,0,975.342,
864.535,0,998.063,
864.535,0,1021.29,
866.379,0,1046.27,
864.535,0,1072.35,
864.535,0,1099.87,
866.379,0,1128.53,
719.552,0.0203659,1158.45,
719.552,0.0203659,1190.58,
39.1508,0.729766,11662.9,
30.3597,0.720012,11760.3,
67.8321,0.723877,11734.4,
79.4102,0.721737,11750.7,
86.7391,0.718812,11697.7,
103.827,0.708314,11630.4,
110.976,0.72956,11544.1,
110.976,0.739685,11414,
189.069,0.696257,11315.4,
205.91,0.682832,11213.8,
220.468,0.688306,11112.7,
239.226,0.686817,11010.4,
242.416,0.676942,10907.3,
270.42,0.670821,10823,
290.432,0.660657,10706.4,
311.519,0.657845,10579.2,
321.427,0.651064,10647.9,
336.456,0.644198,10578.6,
369.049,0.639655,10528.1,
379.442,0.63486,10431.1,
386.364,0.643691,10424.7,
395.73,0.643286,10437.3,
394.862,0.645093,10403.8,
392.16,0.645235,10440,
388.673,0.645904,10518.3,
386.148,0.645904,10575.5,
385.059,0.647119,10645.5,
380.447,0.651394,10751.8,
866.379,0,705.868,
866.379,0,722.584,
864.534,0,739.359,
866.379,0,757.136,
866.379,0,774.989,
866.379,0,793.238,
866.379,0,811.892,
866.381,0,830.618,
866.381,0,850.101,
866.381,0,870.017,
866.379,0,890.741,
866.379,0,911.56,
866.379,0,932.84,
862.315,0,945.849,
866.379,0,976.829,
866.379,0,999.56,
866.379,0,1022.79,
866.379,0,1047.37,
866.379,0,1073.87,
866.379,0,1101.4,
866.381,0,1129.19,
733.967,0.018963,1159.55,
733.967,0.018963,1191.69,
45.6737,0.720496,12044.7,
33.2256,0.728908,11971,
72.3026,0.738385,11847.8,
83.0042,0.716508,11676.3,
93.1298,0.711252,11496.1,
100.194,0.709769,11354.5,
107.972,0.725046,11268.5,
109.966,0.73227,11181.3,
192.808,0.689029,11104.4,
205.96,0.685395,11030.2,
224.419,0.68527,10933.3,
235.867,0.689879,10870.9,
252.456,0.675423,10819,
254.715,0.664588,10760.2,
287.699,0.661921,10715,
305.198,0.652708,10668.2,
328.16,0.649022,10643.2,
344.774,0.64582,10576.7,
367.976,0.638347,10486.5,
378.702,0.639521,10376.4,
386.818,0.637974,10440.1,
397.054,0.64634,10416.8,
394.862,0.64634,10404.5,
392.16,0.644187,10424.9,
388.673,0.645342,10510,
386.148,0.64451,10569.6,
385.059,0.647119,10641.2,
380.447,0.651394,10749.2,
864.536,0,706.548,
866.379,0,723.622,
864.535,0,740.407,
866.379,0,758.174,
866.379,0,776.027,
866.379,0,794.276,
866.379,0,812.93,
866.379,0,831.998,
866.379,0,851.489,
866.379,0,871.413,
866.381,0,891.412,
866.379,0,912.597,
866.379,0,933.878,
864.535,0,955.242,
866.379,0,977.867,
866.379,0,1000.6,
866.379,0,1023.83,
866.379,0,1048.42,
866.379,0,1074.93,
866.379,0,1102.46,
866.379,0,1130.68,
738.394,0.0153231,1160.61,
738.395,0.015325,1191.79,
46.119,0.725701,11950.6,
50.1822,0.719545,11658.3,
34.4235,0.730122,11696.9,
86.9308,0.720572,11735.4,
105.705,0.717714,11689.6,
111.718,0.710854,11631.6,
118.124,0.722633,11546,
124.591,0.738686,11444.4,
198.43,0.692127,11336.8,
212.89,0.685874,11232.2,
222.044,0.686204,11130.4,
241.539,0.683782,11051.9,
251.428,0.675533,10945.7,
262.315,0.664024,10857.4,
291.026,0.65397,10768.4,
311.574,0.648839,10684.3,
322.636,0.645563,10625.1,
345.808,0.647471,10534.7,
370.475,0.63927,10434.9,
380.227,0.637664,10467.2,
386.864,0.640737,10435.3,
396.039,0.646115,10393.3,
395.561,0.645277,10408.3,
392.16,0.643517,10412.5,
390.267,0.644978,10501.1,
386.148,0.644676,10564.9,
385.059,0.646384,10637.9,
380.447,0.651394,10747,
866.379,0,707.903,
864.535,0,724.325,
864.535,0,741.404,
866.381,0,758.863,
866.379,0,777.025,
866.379,0,795.274,
866.379,0,813.928,
866.379,0,832.996,
866.381,0,852.14,
866.379,0,872.411,
866.379,0,892.777,
866.379,0,913.595,
866.379,0,934.875,
866.379,0,956.628,
864.535,0,978.466,
864.535,0,1001.19,
866.379,0,1024.83,
864.534,0,1049.04,
866.381,0,1075.52,
866.379,0,1103.47,
866.379,0,1131.7,
743.522,0.0128373,1160.83,
750.585,0.0128379,1193.77,
750.586,0.0128372,1226.25,
53.6637,0.724045,11995,
36.3234,0.737656,11916.7,
99.0858,0.726904,11767,
109.587,0.706598,11538.3,
116.26,0.702595,11372.8,
122.954,0.70985,11336.6,
130.744,0.731028,11277.2,
194.137,0.692232,11228.9,
201.907,0.687903,11153,
226.224,0.672979,11067.5,
247.004,0.681747,10979.3,
256.661,0.670911,10884.3,
271.47,0.657661,10799.4,
297.654,0.657395,10711.7,
317.012,0.650985,10621.7,
338.104,0.648296,10550.3,
353.388,0.637135,10461.5,
372.669,0.638175,10423.7,
382.353,0.641273,10443.8,
388.666,0.627701,10421.8,
398.888,0.645269,10367.4,
394.862,0.638938,10400.6,
392.16,0.643874,10398.7,
388.673,0.645158,10494.4,
386.148,0.645,10560.2,
385.059,0.647118,10634.7,
380.447,0.651394,10745.2,
864.535,0,708.546,
866.379,0,725.579,
866.379,0,742.666,
862.316,0,752.913,
866.379,0,777.984,
866.379,0,796.233,
866.379,0,814.887,
866.379,0,833.955,
866.381,0,853.103,
866.381,0,873.019,
866.381,0,893.377,
866.381,0,914.187,
866.379,0,935.835,
866.379,0,957.588,
866.381,0,979.43,
866.379,0,1002.55,
866.379,0,1025.79,
866.379,0,1050.42,
866.381,0,1076.51,
866.379,0,1104.45,
866.379,0,1132.67,
760.269,0.0105785,1162.61,
759.406,0.010578,1193.8,
759.406,0.010578,1227.23,
54.798,0.721968,11859.6,
42.9242,0.729833,11595.6,
104.9,0.720585,11684.2,
114.849,0.714579,11708.9,
121.035,0.712146,11660.9,
129.606,0.698602,11574.9,
135.045,0.713316,11459.9,
201.176,0.688413,11304.9,
207.382,0.691446,11228.1,
223.993,0.683417,11055.7,
245.815,0.670152,10944.8,
261.483,0.672601,10837.4,
281.341,0.655009,10755.1,
293.494,0.649944,10683,
315.531,0.647058,10607.6,
335.695,0.640551,10542.8,
358.155,0.639315,10490.1,
376.026,0.639929,10455.1,
382.899,0.640964,10444.3,
392.288,0.642118,10406.8,
400.002,0.640626,10346.3,
394.862,0.631455,10396.7,
392.16,0.638334,10387.8,
388.673,0.642919,10489.4,
386.148,0.644236,10556,
385.059,0.647119,10631.5,
380.447,0.651394,10743.7,
862.315,0,703.336,
866.379,0,726.502,
866.381,0,743.29,
866.379,0,761.055,
866.379,0,778.908,
866.379,0,797.157,
866.379,0,815.811,
866.379,0,834.879,
866.381,0,854.031,
865.917,0,866.013,
866.381,0,894.304,
866.379,0,915.478,
866.379,0,936.758,
866.379,0,958.511,
866.381,0,980.358,
866.379,0,1003.48,
862.315,0,1017.38,
866.379,0,1051.35,
866.379,0,1077.86,
866.379,0,1105.39,
866.379,0,1133.61,
767.429,0.00744552,1163.56,
767.43,0.00744438,1194.75,
767.429,0.00744552,1229.15,
57.745,0.727729,11906.6,
45.194,0.731153,11911.9,
111.872,0.70641,11802.1,
120.183,0.706402,11603.3,
129.271,0.698268,11375.3,
135.871,0.700778,11413.6,
141.412,0.719558,11377.8,
145.917,0.728458,11288.2,
204.828,0.682694,11216.1,
230.969,0.679072,11125.7,
254.287,0.672707,11028.9,
267.962,0.661796,10930.1,
280.788,0.661702,10835.9,
299.441,0.65322,10764.6,
318.681,0.6474,10673.8,
341.369,0.638102,10591.8,
366.378,0.637789,10535.7,
368.22,0.639395,10459.8,
384.855,0.627293,10434,
394.401,0.627069,10387.4,
397.587,0.640618,10319.9,
394.862,0.629783,10392.4,
392.16,0.638334,10377.7,
390.939,0.643011,10482.4,
387.599,0.643627,10554.9,
385.911,0.646384,10629.5,
380.447,0.651394,10742.5,
864.535,0,710.397,
866.381,0,727.103,
866.379,0,744.479,
866.381,0,761.646,
866.379,0,779.797,
866.38,0,797.727,
866.381,0,816.38,
866.381,0,835.441,
866.379,0,855.259,
866.381,0,874.84,
866.379,0,895.549,
866.379,0,916.367,
866.379,0,937.647,
866.379,0,959.4,
866.379,0,981.637,
866.379,0,1004.37,
866.379,0,1027.6,
866.381,0,1051.87,
866.381,0,1078.36,
866.379,0,1106.29,
866.381,0,1134.1,
776.234,0.00750118,1164.47,
776.234,0.00750118,1196.6,
778.541,0.00502934,1229.1,
58.1485,0.717849,12008,
49.5801,0.730065,11677,
49.5801,0.720229,11659,
126.286,0.712877,11720.6,
134.742,0.708087,11656,
141.498,0.695361,11558.5,
148.317,0.712745,11429.7,
153.348,0.723431,11267.6,
215.555,0.67308,11116.7,
233.706,0.665619,10963,
259.764,0.664705,10899.9,
263.155,0.667135,10848,
288.524,0.656192,10783.1,
305.319,0.646567,10732,
324.15,0.646647,10662.1,
336.473,0.639405,10585,
364.459,0.623429,10511.4,
376.17,0.641112,10445.4,
386.926,0.641112,10415.3,
397.305,0.642198,10361.4,
399.382,0.627768,10301.1,
396.044,0.630012,10388.7,
392.16,0.642271,10368.1,
390.939,0.643018,10477,
386.148,0.644699,10549.6,
385.059,0.647119,10627,
380.447,0.650244,10739.8,
866.379,0,711.534,
866.379,0,728.25,
866.379,0,745.336,
862.315,0,755.907,
866.379,0,780.655,
866.379,0,798.904,
866.381,0,817.237,
866.381,0,836.298,
866.379,0,856.117,
866.379,0,876.04,
866.379,0,896.406,
866.379,0,917.224,
866.381,0,938.137,
866.381,0,959.881,
866.381,0,982.109,
866.017,0,995.731,
866.379,0,1028.46,
866.379,0,1053.13,
866.379,0,1079.63,
866.379,0,1107.17,
866.379,0,1135.39,
786.192,0.00466145,1165.34,
784.6,0.00429799,1196.55,
784.599,0.00466145,1230.93,
58.6656,0.725259,11749.6,
52.3449,0.719881,11904.4,
52.2482,0.707028,11850.1,
133.049,0.709753,11617,
140.894,0.699757,11396.1,
146.798,0.694982,11448.5,
154.312,0.709935,11433.7,
158.202,0.729547,11370.3,
217.328,0.684373,11269.8,
231.003,0.677241,11152.2,
258.607,0.663871,11023,
268.263,0.671269,10884.1,
295.332,0.649095,10766.9,
298.671,0.649125,10699.9,
319.222,0.643136,10583.2,
343.636,0.638204,10532.4,
366.634,0.63958,10469.6,
380.506,0.633886,10416.3,
386.789,0.644148,10386.6,
397.121,0.633579,10340.8,
397.587,0.627564,10309.9,
394.862,0.630012,10380.9,
392.16,0.638558,10359.2,
388.673,0.643019,10474.5,
387.778,0.645444,10547,
385.059,0.647119,10625.2,
380.447,0.651394,10740.3,
